volid,dateused,pubdate,birthdate,firstpub,gender,nation,allwords,logistic,realclass,trainflag,author,title,genretags
4528,1921,1921,1875,1921,m,us,13.24755509,0.074852079,1,1,"Burroughs, Edgar Rice,",The mucker,teamblack | chiscifi
4599,1921,1921,1894,1921,m,us,12.7605083,1.09E-05,0,1,"Nathan, Robert,",Autumn,teamred | chirandom
4655,1922,1922,1875,1922,m,us,13.25366315,0.98705432,1,1,"Burroughs, Edgar Rice,",The chessmen of Mars,teamblack | chiscifi | stew
4690,1922,1922,1857,1922,m,us,14.3928426,0.022465491,0,1,"Hough, Emerson,",The young Alaskans on the,teamred | chirandom
4748,1922,1922,1877,1922,m,us,12.43305868,0.965048371,0,1,"Traprock, Walter E.",My northern exposure,teamblack | chirandom
10008,1923,1923,1875,1923,m,us,12.75302857,0.999675074,1,1,"Burroughs, Edgar Rice,",Pellucidar,teamred | chiscifi | stew
10053,1928,1928,1875,1928,m,us,13.99386406,0.999508984,1,1,"Burroughs, Edgar Rice,",The master mind of Mars,teamblack | chiscifi
10083,1930,1930,1875,1930,m,us,14.5930085,0.999943092,1,1,"Burroughs, Edgar Rice,",Tarzan at the earth's cor,teamred | chifantasy | chiscifi
10086,1930,1930,1862,1930,m,us,13.65525018,0.064313098,0,1,"Stratemeyer, Edward,",With Taylor on the Rio Gr,teamblack | chirandom
10090,1931,1931,1887,1931,m,us,10.96691707,0.999964337,1,1,"Cummings, Ray,",Brigands of the moon,teamblack | chiscifi
10096,1931,1931,1884,1931,m,us,12.68619097,0.999846877,1,1,"Merritt, Abraham,",Face in the abyss,teamred | chiscifi
10181,1946,1946,1905,1946,f,us,12.02241541,0.999624738,1,1,"Rand, Ayn,",Anthem,teamred | chiscifi
10202,1950,1950,1909,1950,m,us,13.19390351,0.00122994,0,1,"Castor, Henry,",The year of the Spaniard,teamred | chirandom
10216,1924,1924,1896,1924,m,us,12.3972572,0.046683706,0,1,"Bromfield, Louis,",The green bay tree,teamblack | chirandom
10235,1925,1925,1875,1925,m,us,12.70492452,0.994743851,1,1,"Burroughs, Edgar Rice,",The moon men,teamblack | chiscifi | stew
10269,1927,1927,1876,1927,f,us,11.60656023,0.026268805,0,1,"Glaspell, Susan,",A jury of her peers,teamred | chimyst | chirandom
10270,1927,1927,1865,1927,f,us,12.35248313,0.059591756,0,1,"Hill, Grace Livingston,",Job's niece,teamblack | chirandom
10301,1929,1929,1875,1929,m,us,13.97207528,0.995118839,1,1,"Burroughs, Edgar Rice,",Tanar of Pellucidar,teamred | chiscifi | stew
10302,1929,1929,1875,1929,m,us,13.54089876,0.9967081,1,1,"Burroughs, Edgar Rice,",The monster men,teamred | chiscifi | stew
10310,1929,1929,1891,1929,m,us,13.41618888,0.999989576,1,1,"Kline, Otis Adelbert,",The planet of peril,teamblack | chiscifi | stew
10312,1929,1929,1885,1929,m,us,15.5333881,0.001244436,0,1,"Lewis, Sinclair,",Dodsworth,teamblack | chirandom
10336,1930,1930,1891,1930,m,us,15.17521985,0.999999605,1,1,"Kline, Otis Adelbert,",Maza of the moon,teamred | chiscifi | stew
10337,1930,1930,1891,1930,m,us,13.92361386,0.999982826,1,1,"Kline, Otis Adelbert,",The prince of peril,teamblack | chiscifi
10353,1931,1931,1865,1931,f,us,13.41610865,0.001092147,0,1,"Hill, Grace Livingston,",The chance of a lifetime,teamred | chirandom
10355,1931,1931,1896,1931,m,us,11.70520579,0.923987971,1,1,"Leinster, Murray,",Murder madness,teamblack | chiscifi
10357,1931,1931,1884,1931,m,us,12.68742166,0.999846967,1,1,"Merritt, Abraham,",The face in the abyss,teamblack | chifantasy | chiscifi
10361,1931,1931,1895,1931,m,us,13.1181613,0.919290374,1,1,"Schuyler, George S.",Black no more,teamblack | chiscifi
10362,1931,1931,1892,1931,m,us,11.79176168,0.189090292,1,1,"Smith, Thorne,",The night life of the god,teamblack | chifantasy | chiscifi
10377,1932,1932,1896,1932,m,us,11.00996756,4.24E-05,0,1,"Dos Passos, John,",1919,teamred | chirandom
10435,1934,1934,1906,1934,m,us,12.68305606,0.074623365,0,1,"Dickson, Carter,",The Plague court murders,teamred | chimyst | chirandom
10476,1935,1935,1885,1935,m,us,16.85492821,0.14266308,1,1,"Lewis, Sinclair,",It can't happen here,teamred | chiscifi
10526,1937,1937,1866,1937,m,us,13.49520649,0.999947164,1,1,"Pseudoman, Akkad,",Zero to eighty,teamblack | chiscifi | chirandom
10531,1937,1937,1902,1937,m,us,10.4626821,0.007918208,0,1,"Steinbeck, John,",Of mice and men,teamred | chirandom
10542,1938,1938,1875,1938,m,us,12.59475791,0.177822191,1,1,"Burroughs, Edgar Rice,",The lad and the lion,teamred | chiscifi
10645,1941,1941,1884,1941,m,us,13.05139669,0.999999978,1,1,"Merritt, Abraham,",The metal monster,teamred | chiscifi | stew
10679,1942,1942,1884,1942,m,us,11.72637957,0.772650302,1,1,"Merritt, Abraham,",Burn: witch: burn!,teamred | chimyst | chiscifi | stew
10690,1942,1942,1876,1942,f,us,12.45387499,0.019773857,0,1,"Rinehart, Mary Roberts,",The door,teamred | chimyst | chirandom
10733,1944,1944,1915,1944,f,us,10.64192348,0.000993914,0,1,"Brackett, Leigh,",No good from a corpse,teamred | chimyst | chirandom
10736,1944,1944,1875,1944,m,us,13.11078578,0.999702171,1,1,"Burroughs, Edgar Rice,",Land of terror,teamred | chifantasy | chiscifi
10761,1944,1944,1905,1944,f,us,10.38367718,8.71E-06,0,1,"Walker, Mildred",Winter wheat,teamred | chirandom
10793,1945,1945,1874,1945,f,us,17.54665134,0.050096821,0,1,"Stein, Gertrude,",Wars I have seen,teamred | chirandom
10803,1946,1946,1903,1946,m,us,12.27852683,0.019424373,0,1,"Busch, Niven,",Day of the conquerors,teamblack | chirandom
10808,1946,1946,1887,1946,m,us,10.85026566,0.999991866,1,1,"Cummings, Ray,",The shadow girl,teamblack | chiscifi
10827,1946,1946,1898,1946,m,us,12.03415267,0.911258035,1,1,"Sherman, Harold M.",The green man,teamblack | chiscifi | stew
10829,1946,1946,1883,1946,,us,12.18915279,0.999975464,1,1,"Taine, John,",The time stream,teamred | chiscifi | stew
10832,1946,1946,0,1946,,us,13.47008211,0.999998184,1,1,"Van Vogt, A. E. 1912-  (A",Slan,teamblack | chiscifi | stew
10834,1946,1946,1903,1946,m,us,12.89808714,0.99999451,1,1,"Wellman, Manly Wade,",The solar invasion,teamred | chiscifi
10835,1946,1946,1909,1946,f,us,14.09675398,0.000154569,0,1,"Welty, Eudora,",Delta Wedding,teamblack | chirandom
10838,1947,1947,1906,1947,m,au,12.7553057,0.074714872,0,1,"Blunden, Godfrey",A Room on the Route,teamblack | chirandom
10853,1947,1947,0,1947,m,us,11.40549556,0.999330928,1,1,"Heinlein, Robert A.",Rocket ship Galileo,teamred | chiscifi | chirandom
10862,1947,1947,1906,1947,m,us,11.82702288,0.050332943,0,1,"Myers, John Myers,",The wild Yazoo,teamred | chirandom
10874,1947,1947,1883,1947,,us,12.83529984,0.976196275,1,1,"Taine, John,",The forbidden garden,teamred | chiscifi
10911,1948,1948,0,1948,m,us,12.10183974,0.125399916,0,1,"Queen, Ellery,",Ten days' wonder,teamblack | stew | det100 | cozy | chimyst | chirandom
10916,1948,1948,1904,1948,m,us,11.9724888,0.999483586,0,1,"Skinner, B. F.",Walden Two,teamblack | chiutopia | chirandom
10917,1948,1948,1890,1948,m,us,14.88957978,0.999999999,1,1,"Smith, E. E.",Skylark three,teamred | chiscifi
10922,1948,1948,1897,1948,m,us,11.70291485,0.073840989,0,1,"Wilder, Thornton,",The ides of March,teamred | chirandom
10923,1948,1948,1908,1948,m,us,12.44507791,0.995879092,1,1,"Williamson, Jack,",Darker than you think,teamblack | chifantasy | chiscifi | chihorror
10954,1949,1949,1905,1949,m,us,12.38224056,0.023741208,0,1,"Palmer, Stuart,",Four lost ladies,teamblack | chimyst | chirandom
10968,1949,1949,1896,1949,m,us,12.76713145,0.999959685,1,1,"Zagat, Arthur Leo,",Seven out of time,teamblack | chiscifi
10970,1950,1950,1920,1950,m,us,12.54668302,0.999802748,1,1,"Asimov, Isaac,",I: robot,teamblack | chiscifi | stew
10986,1950,1950,1914,1950,m,us,17.75454145,0.125673231,0,1,"Fast, Howard,",The proud and the free,teamblack | chirandom
11004,1950,1950,1909,1950,m,us,11.48094392,0.999954094,1,1,"Phillips, Rog,",Worlds within,teamred | chifantasy | chiscifi | stew
11007,1950,1950,1904,1950,f,us,12.54743885,0.052564991,0,1,"Seton, Anya,",Foxfire,teamblack | chirandom
11013,1950,1950,1912,1950,m,us,12.28737137,0.859818497,1,1,"Van Vogt, A. E. 1912-2000",The house that stood stil,teamblack | chiscifi | chirandom
11018,1923,1923,1866,1923,m,uk,11.30157575,0.999420568,1,1,"Wells, H. G.",Men like gods,teamred | chiscifi | stew
11022,1925,1925,1873,1925,m,uk,12.13928903,0.042421174,0,1,"Ford, Ford Madox,",No more parades,teamred | chirandom
11043,1932,1932,1894,1932,m,uk,12.86505424,0.970529011,1,1,"Huxley, Aldous,",Brave new world,teamblack | chiutopia | chiscifi
11044,1932,1932,1894,1932,m,uk,13.80331764,0.019803652,0,1,"Morgan, Charles,",The fountain,teamred | chirandom
11074,1942,1942,1898,1942,m,uk,14.53750069,0.999481476,0,1,"Lewis, C. S.",The Screwtape letters,teamblack | chifantasy | chirandom
11081,1944,1944,1882,1944,m,uk,10.98856961,0.00175593,0,1,"Joyce, James,",Stephen hero,teamred | chirandom
11096,1949,1949,1903,1949,m,uk,13.3708263,0.995977727,1,1,"Orwell, George,",Nineteen eighty-four,teamblack | chiscifi
11098,1950,1950,1919,1950,f,uk,14.77042644,0.00879862,0,1,"Lessing, Doris,",The grass is singing,teamred | chimyst | stew | chirandom
11191,1927,1927,1875,1927,m,uk,13.19781652,0.019654149,0,1,"Buchan, John,",Witch wood,teamblack | chifantasy | chirandom
11226,1928,1928,1873,1928,m,au,13.4148941,0.974525262,1,1,"Cox, Erle,",Out of the silence,teamblack | chiscifi
11234,1928,1928,1888,1928,m,uk,14.68378657,0.075476637,0,1,"Knox, Ronald Arbuthnott,",The footsteps at the lock,det100 | teamred | chirandom
11242,1928,1928,1874,1928,m,uk,12.89773628,0.997268068,1,1,"Wright, S. Fowler,",The island of Captain Spa,teamred | chifantasy | chiscifi
11274,1901,1929,1865,1901,m,uk,26.63508406,0.739228152,1,1,"Shiel, M. P.",The purple cloud,teamblack | chifantasy | chiscifi
11277,1929,1929,1875,1929,m,uk,11.93015173,0.002532934,0,1,"Wallace, Edgar,",The lone house mystery,teamblack | chimyst | stew | chirandom
11298,1930,1930,1882,1930,m,au,15.50481119,0.028473273,0,1,"Manning, Frederic,",Her privates: we,teamblack | chirandom
11305,1930,1930,1886,1930,m,uk,15.80721359,0.999999996,1,1,"Stapledon, Olaf,",Last and first men,teamred | chiscifi | stew
11316,1931,1931,1882,1931,m,uk,13.62848303,0.279235795,0,1,"Armstrong, Martin,",The romantic adventures o,teamblack | chirandom
11323,1931,1931,1880,1931,m,uk,12.4726251,0.007992512,0,1,"Connington, J. J.",The boathouse riddle,teamblack | chimyst | chirandom
11349,1931,1931,1886,1931,m,uk,13.7856673,0.95677823,0,1,"Williams, Charles,",Many dimensions,teamblack | chirandom
11364,1932,1932,1909,1932,f,uk,12.05226201,2.97E-08,0,1,"Evans, Margiad,",Country dance,teamred | chirandom
11383,1932,1932,1899,1932,m,uk,11.66773453,0.001095179,0,1,"Shute, Nevil,",Lonely road,teamred | chirandom
11385,1932,1932,1886,1932,m,uk,16.08775865,0.999985169,1,1,"Stapledon, Olaf,",Last men in London,teamred | chiscifi
11396,1933,1933,1879,1933,f,au,11.97311687,0.087004932,0,1,"Franklin, Miles,",Bring the monkey,teamred | chimyst | chirandom
11469,1935,1935,1891,1935,m,au,11.4529831,0.003079383,0,1,"McKinney, J. P,",Crucible,teamred | chirandom
11519,1937,1937,1904,1937,f,uk,11.69800155,0.015796368,0,1,"Allingham, Margery,",Dancers in mourning,cozy | teamred | chimyst | chirandom
11535,1937,1937,1899,1937,m,uk,14.48450067,0.017635491,0,1,"Linklater, Eric,",Juan in China,teamred | chirandom
11552,1937,1937,1866,1937,m,uk,12.29748384,0.999950936,1,1,"Wells, H. G.",Star-begotten,teamred | chiscifi
11575,1938,1938,1906,1938,f,nz,15.1942561,0.000773558,0,1,"Hyde, Robin,",The godwits fly,teamred | chirandom
11584,1938,1938,1894,1938,m,uk,15.22800114,0.022566706,1,1,"Priestley, J. B.",The doomsday men,teamred | chiscifi
11591,1938,1938,1874,1938,m,uk,15.55088084,0.998199099,1,1,"Wright, S. Fowler,",The adventure of Wyndham ,teamblack | chiscifi | stew | chiutopia | chirandom
11592,1939,1939,1916,1939,m,us,10.23718817,0.025457826,0,1,"Allan, Ted,",This time a better earth,teamred | chirandom
11675,1941,1941,1890,1941,f,uk,11.37910848,0.014311256,0,1,"Christie, Agatha,",N or M?,cozy | teamblack | chimyst | chirandom
11711,1942,1942,1886,1942,m,uk,14.74989584,0.999999999,1,1,"Stapledon, Olaf,",Darkness and the light,teamred | chiscifi
11778,1945,1945,1898,1945,m,uk,12.22134028,0.517146429,1,1,"Lewis, C. S.",That hideous strength,teamblack | chifantasy | chiscifi
11803,1946,1946,1899,1946,m,uk,13.25861277,0.121859754,0,1,"Forester, C. S.",Lord Hornblower,teamblack | chirandom
11809,1946,1946,1905,1946,m,uk,12.95397546,0.024157983,0,1,"Koestler, Arthur,",Thieves in the night,teamblack | chirandom
11829,1947,1947,1895,1947,m,uk,13.73874807,0.001124667,0,1,"Hartley, L. P.",Eustace and Hilda,teamblack | chirandom
11836,1947,1947,1897,1947,f,uk,11.47734908,0.000218311,0,1,"Robins, Denise,",More than love,teamred | chirandom
11877,1949,1949,1890,1949,f,uk,11.27199377,0.001312707,0,1,"Christie, Agatha,",Crooked house,cozy | teamred | chimyst | chirandom
11882,1949,1949,0,1949,,uk,12.53765957,0.005323423,0,1,"Ferrars, E. X,",The March Hare murders,teamred | chimyst | chirandom
11896,1949,1949,1878,1949,f,uk,11.8412171,0.001491796,0,1,"Wentworth, Patricia,",The Catherine-wheel,teamred | chirandom
11900,1949,1949,1874,1949,m,uk,16.46457573,0.999997476,1,1,"Wright, S. Fowler,",The Amphibians,teamred | chiscifi
11927,1950,1950,1886,1950,m,uk,14.25857589,0.751161564,1,1,"Stapledon, Olaf,",A man divided,teamred | chiscifi
11932,1950,1950,1878,1950,f,uk,11.72911633,0.000478283,0,1,"Wentworth, Patricia,",Through the wall,teamblack | chimyst | chirandom
20002,1951,1951,1920,1951,m,us,12.43894243,0.998131338,1,1,"Asimov, Isaac,",Foundation,teamred | chiscifi
20021,1951,1951,1916,1951,m,us,11.28810604,0.999557408,1,1,"MacDonald, John D.",Wine of the dreamers,teamblack | chiscifi | stew
20026,1951,1951,1910,1951,m,us,13.15785197,0.988197332,1,1,"Merwin, Sam,",The house of many worlds,teamred | chiscifi | chirandom
20041,1951,1951,1902,1951,m,us,13.03030679,0.989286706,1,1,"Wylie, Philip,",The disappearance,teamred | chiscifi | stew
20044,1952,1952,1920,1952,m,us,12.97574842,0.994324625,1,1,"Asimov, Isaac,",Foundation and empire,teamblack | chiscifi | stew | chirandom
20065,1952,1952,1915,1952,m,us,10.78752884,0.999340836,1,1,"Jones, Raymond F.",Son of the stars,teamblack | chiscifi
20070,1952,1952,1914,1952,m,us,12.04231939,0.003902693,0,1,"Malamud, Bernard",The natural,teamblack | chirandom
20075,1952,1952,1908,1952,m,us,10.53537368,0.019231845,0,1,"Powell, Richard,",A shot in the dark,teamblack | chimyst | chirandom
20078,1952,1952,1918,1952,m,us,9.876644591,0.052279682,0,1,"Spillane, Mickey,",Kiss me: deadly,hardboiled | teamblack | stew | chimyst | chirandom
20079,1952,1952,1922,1952,m,us,13.83417195,0.403159836,1,1,"Vonnegut, Kurt,",Player piano,teamblack | chiscifi | stew | chirandom
20083,1953,1953,1920,1953,m,us,13.03451488,0.998978662,1,1,"Asimov, Isaac,",Second foundation,teamred | chiscifi | stew | chirandom
20088,1953,1953,1920,1953,m,us,12.47769239,0.79066718,1,1,"Bradbury, Ray,",Fahrenheit 451,teamblack | chiscifi | stew
20089,1953,1953,1906,1953,m,us,11.81412532,0.95055335,1,1,"Brown, Fredric,",The lights in the sky are,teamred | chiscifi | stew | chirandom
20102,1953,1953,1905,1953,f,us,10.44681676,0.000809219,0,1,"Lasswell, Mary,",Tooner Schooner,teamred | chirandom
20106,1953,1953,1916,1953,m,us,11.46479273,0.998589539,1,1,"Lowndes, Robert W,",Mystery of the third mine,teamred | chiscifi
20114,1953,1953,1909,1953,m,us,11.92148601,0.951181098,1,1,"Pangborn, Edgar,",West of the sun,teamblack | chiscifi | stew | chirandom
20133,1954,1954,1915,1954,m,us,11.67284696,0.999864183,1,1,"Del Rey, Lester,",Step to the stars,teamblack | chiscifi
20136,1954,1954,1916,1954,m,us,14.63775465,0.007529969,0,1,"Foote, Shelby,",Jordan County,teamred | chirandom
20139,1954,1954,0,1954,m,us,10.61172801,0.538890872,1,1,"Heinlein, Robert A.",The star beast,teamblack | chiscifi | stew
20151,1954,1954,1912,1954,m,us,11.17910222,0.002205832,0,1,"Manfred, Frederick Feikem",Lord Grizzly,teamred | chirandom
20152,1954,1954,1926,1954,m,us,11.72877342,0.971244196,1,1,"Matheson, Richard,",I am legend,teamred | pbgothic | chiscifi | chihorror
20163,1954,1954,1916,1954,m,us,10.26550951,0.0050183,0,1,"Robbins, Harold,",Never leave me,teamblack | chirandom
20194,1955,1955,1912,1955,f,us,14.08438847,0.004983157,0,1,"McCarthy, Mary",A charmed life,teamred | chirandom
20222,1956,1956,1915,1956,m,us,11.6880071,0.9999594,1,1,"Del Rey, Lester,",Mission to the moon,teamblack | chiscifi
20233,1956,1956,1907,1956,m,us,11.42250089,0.613868773,1,1,"Heinlein, Robert A.",Double star,teamred | chiscifi | chirandom
20240,1956,1956,1916,1956,m,us,10.44079062,0.001383584,0,1,"MacDonald, John D.",You live once,teamblack | chirandom
20270,1957,1957,1928,1957,m,us,12.3379538,0.999903244,1,1,"Dick, Philip K,",Eye in the sky,teamblack | chiscifi | chirandom
20290,1957,1957,1897,1957,f,us,14.65656971,0.005478479,0,1,"Malvern, Gladys,",My lady: my love,teamblack | chirandom
20293,1957,1957,1911,1957,f,us,10.93947736,0.765988324,1,1,"Moore, C. L.",Doomsday morning,teamred | chiscifi
20335,1958,1958,1907,1958,f,us,12.2634494,0.007298346,0,1,"MacInnes, Helen,",North from Rome,teamblack | chirandom
20350,1958,1958,1912,1958,m,us,15.2200214,0.002739509,0,1,"Taylor, Robert Lewis,",The travels of Jaimie McP,teamred | chirandom
20352,1958,1958,1932,1958,m,us,14.05948729,0.052378587,0,1,"Updike, John,",The poorhouse fair,teamblack | chirandom
20370,1959,1959,1905,1959,m,us,10.74148965,0.999171915,1,1,"Gantz, Kenneth Franklin,",Not in solitude,teamred | chiscifi
20374,1959,1959,1907,1959,m,us,11.6531933,0.919145117,1,1,"Heinlein, Robert A.",Starship troopers,teamblack | chiscifi | stew
20380,1959,1959,0,1959,f,us,11.59926807,0.001493588,0,1,"Kirkland, Elithe Hamilton",Love is a wild assault,teamblack | chirandom
20390,1959,1959,1903,1959,f,us,14.51878668,0.010217197,0,1,"Nin, Anais,",Children of the albatross,teamred | chirandom
20414,1960,1960,1907,1960,f,us,12.70653789,0.068138881,0,1,"MacInnes, Helen,",Decision at Delphi,teamblack | chirandom
20427,1960,1960,1928,1960,m,us,12.71935827,0.972894122,1,1,"Sheckley, Robert,",Store of infinity,teamblack | chiscifi
20428,1960,1960,1926,1960,m,us,13.7228048,0.141024966,0,1,"Sigal, Clancy,",Weekend in Dinlock,teamblack | chirandom
20450,1961,1961,1920,1961,m,us,11.80969038,0.999672041,1,1,"Galouye, Daniel F,",Dark universe,teamred | chiscifi | stew
20471,1961,1961,1916,1961,m,us,10.65924938,0.021960959,0,1,"Robbins, Harold,",The carpetbaggers,teamred | chirandom
20474,1961,1961,1886,1961,m,us,11.61613363,0.000606387,0,1,"Stout, Rex,",The final deduction,teamblack | chimyst | chirandom
20480,1962,1962,1920,1962,m,us,14.25770286,0.625146618,1,1,"Bradbury, Ray,",Something wicked this way,teamblack | chiscifi | chihorror
20481,1962,1962,1914,1962,m,us,9.986243661,0.999821746,0,1,"Burroughs, William S.",The ticket that exploded,teamblack | chirandom
20485,1962,1962,1906,1962,m,us,12.71668196,0.998736463,1,1,"Clifton, Mark,",When they come from space,teamblack | chiscifi
20496,1962,1962,1927,1962,m,us,12.11372623,0.998582248,1,1,"Garrett, Randall,",Unwise child,teamred | chiscifi | stew
20505,1962,1962,1918,1962,f,us,12.0495196,0.983980165,1,1,"L'Engle, Madeleine,",A wrinkle in time,teamblack | chifantasy | chiscifi
20526,1962,1962,1886,1962,m,us,11.81326447,0.000763864,0,1,"Stout, Rex,",Gambit,teamblack | chimyst | chirandom
20533,1963,1963,1900,1963,f,us,14.52469446,0.002085078,0,1,"Caldwell, Taylor,",Grandmother and the pries,teamblack | chirandom
20544,1963,1963,1922,1963,m,us,30.23659269,7.20E-05,0,1,"Kerouac, Jack,",Visions of Gerard,teamblack | chirandom
20563,1963,1963,1922,1963,m,us,12.14231905,0.060103184,1,1,"Vonnegut, Kurt,",Cat's Cradle,teamblack | chiscifi
20572,1964,1964,1914,1964,m,us,10.44470168,0.999945091,1,1,"Burroughs, William S.",Nova Express,teamblack | chiscifi
20573,1964,1964,1922,1964,m,us,13.07284481,0.999927959,1,1,"Clement, Hal,",Close to critical,teamblack | chiscifi
20582,1964,1964,1914,1964,m,us,15.06053519,0.361590291,0,1,"Fast, Howard,",Agrippa's daughter,teamblack | chirandom
20592,1964,1964,1932,1964,m,us,12.23994575,0.001725354,0,1,"Kim, Richard E.",The martyred,teamred | chirandom
20620,1965,1965,0,1965,m,guyana,12.3941917,0.000120569,0,1,"Braithwaite, E. R.  (Edwa",Choice of straws,teamblack | chirandom
20632,1965,1965,1928,1965,m,us,13.6582126,0.1139768,0,1,"Friedman, Sanford,",Totempole,teamblack | chirandom
20642,1965,1965,1916,1965,m,us,11.48515387,0.088039155,0,1,"MacDonald, John D.",A deadly shade of gold,teamred | chimyst | chirandom
20648,1965,1965,1925,1965,m,us,11.6244124,0.909186126,0,1,"Moore, Robin,",The green berets,teamblack | chirandom
20649,1965,1965,1899,1965,m,us,16.81825025,0.028509424,0,1,"Nabokov, Vladimir Vladimi",The eye,teamred | chirandom
20655,1965,1965,1919,1965,m,us,11.27953995,0.999992675,1,1,"Raphael, Rick,",Code three,teamred | chiscifi | stew
20673,1966,1966,1920,1966,m,us,12.49318102,0.999998511,1,1,"Asimov, Isaac,",Fantastic voyage,teamred | chiscifi | stew
20677,1966,1966,1922,1966,m,us,11.85326849,0.001528863,0,1,"Capps, Benjamin,",A woman of the people,teamred | chirandom
20683,1966,1966,1942,1966,m,us,11.93920038,0.996690231,1,1,"Delany, Samuel R,",Babel-17,teamred | chiscifi
20684,1966,1966,1928,1966,m,us,12.54105411,0.995042626,1,1,"Dick, Philip K,",Now wait for last year,teamblack | chiscifi | chirandom
20694,1966,1966,0,1966,m,us,11.9413093,0.999600988,1,1,"Herbert, Frank,",The eyes of Heisenberg,teamred | chiscifi
20709,1966,1966,1937,1966,m,us,15.24038291,0.737266009,0,1,"Pynchon, Thomas,",The crying of lot 49,teamblack | chirandom
20712,1966,1966,1911,1966,m,us,11.93317412,0.999819185,1,1,"Schmitz, James H.",The witches of Karres,teamred | chiscifi
20723,1966,1966,1937,1966,m,us,11.91299456,0.776114075,1,1,"Zelazny, Roger,",This immortal,teamblack | chifantasy | chiscifi
20727,1967,1967,1913,1967,f,us,11.65851967,0.000550432,0,1,"Braun, Lilian Jackson,",The cat who ate Danish mo,teamblack | chimyst | chirandom
20794,1968,1968,1927,1968,f,us,12.53329503,0.760387852,0,1,"Peters, Elizabeth,",The jackal's head,teamblack | chirandom
20819,1969,1969,1923,1969,m,us,13.61993715,0.884817087,1,1,"Davidson, Avram,",The phoenix and the mirro,teamblack | chiscifi
20820,1969,1969,1936,1969,f,us,12.88874737,0.001118898,0,1,"Davis, Gwen,",The pretenders,teamred | chirandom
20821,1969,1969,1928,1969,m,us,12.54167706,0.998691929,1,1,"Dick, Philip K,",Galactic pot-healer,teamred | chiscifi
20837,1969,1969,1899,1969,m,us,18.61740323,0.084443744,0,1,"Nabokov, Vladimir Vladimi",Ada,teamblack | chirandom
20842,1969,1969,1903,1969,m,us,11.49389026,0.00049821,0,1,"Pentecost, Hugh,",Girl watcher's funeral,teamblack | chimyst | stew | chirandom
20866,1970,1970,1926,1970,m,us,12.0295263,0.999807138,1,1,"Anderson, Poul,",Tau zero,teamblack | chiscifi | chirandom
20898,1970,1970,1944,1970,f,us,13.32791573,0.924294756,1,1,"Kurtz, Katherine,",Deryni rising,teamblack | chifantasy | chiscifi
20899,1970,1970,1908,1970,m,us,11.64462729,0.00473431,0,1,"L'Amour, Louis,",Galloway,teamred | chirandom
20919,1970,1970,1935,1970,m,us,13.16814197,0.998730494,1,1,"Silverberg, Robert,",Downward to the earth,teamblack | chiscifi
20956,1971,1971,0,1971,m,us,15.18511548,0.999864273,1,1,"Geissler, Ludwig A,",Looking beyond,chiutopia | teamred | chiscifi | stew
20961,1971,1971,1941,1971,m,us,12.09641963,0.974141926,1,1,"Hjortsberg, William,",Gray matters,teamred | chiscifi
21028,1972,1972,1921,1972,f,us,11.87419268,0.000150849,0,1,"Highsmith, Patricia,",A dog's ransom,crime | teamred | chirandom
21035,1972,1972,1929,1972,m,us,12.62230054,0.001883545,1,1,"Levin, Ira,",The Stepford wives,teamblack | chiscifi | chihorror
21043,1972,1972,1943,1972,m,us,15.0811863,0.00739596,0,1,"Millhauser, Steven,",Edwin Mullhouse,teamred | chirandom
21079,1973,1973,1914,1973,m,us,13.78821041,0.769885612,0,1,"Berryman, John,",Recovery,teamred | chirandom
21088,1973,1973,1916,1973,f,us,11.19343542,6.25E-05,0,1,"Davis, Dorothy Salisbury,",The little brothers,teamblack | chimyst | chirandom
21094,1973,1973,1933,1973,m,us,16.05682644,0.801035832,0,1,"Gardner, John,",Jason and Medeia,teamred | chifantasy | chirandom
21104,1959,1973,1909,1959,m,us,11.81090947,0.00372967,0,1,"Himes, Chester B.",The crazy kill,hardboiled | teamred | chimyst | chirandom
21114,1973,1973,1916,1973,m,us,11.24389095,0.124168604,0,1,"MacDonald, John D.",The scarlet ruse,teamred | chimyst | chirandom
21116,1973,1973,1939,1973,m,us,13.75468524,0.104479091,1,1,"Malzberg, Barry N,",Herovit's world,teamblack | chiscifi | chirandom
21126,1973,1973,1936,1973,f,us,11.10033197,0.000475242,0,1,"Piercy, Marge,",Small changes,teamred | chirandom
21142,1973,1973,1945,1973,m,us,12.2641673,0.905121096,0,1,"Spencer, Scott,",Last night at the brain t,teamblack | chirandom
21147,1973,1973,1922,1973,m,us,12.32009498,0.526425983,1,1,"Vonnegut, Kurt,",Breakfast of Champions,teamred | chiscifi
21187,1974,1974,1929,1974,f,us,13.62229859,0.924477077,1,1,"Le Guin, Ursula K.",The Dispossessed,chiutopia | teamred | chiscifi
21221,1974,1974,1933,1974,m,us,13.92603641,0.882612655,0,1,"Stark, Richard,",Butcher's moon,teamblack | crime | chirandom
21286,1975,1975,1935,1975,m,us,13.83099773,0.980802985,1,1,"Silverberg, Robert,",The stochastic man,teamblack | chiscifi | stew
21288,1975,1975,1944,1975,m,us,13.19785837,0.960021878,0,1,"Stasheff, Christopher,",The warlock in spite of h,teamblack | chifantasy | chirandom
21304,1976,1976,1947,1976,f,us,11.23203472,0.990640573,1,1,"Butler, Octavia E,",Patternmaster,teamred | chifantasy | chiscifi
21330,1976,1976,1929,1976,m,us,11.49218999,0.000665363,0,1,"Jenkins, Dan,",Limo,teamred | chirandom
21335,1976,1976,1908,1976,m,us,12.85983406,0.184669589,0,1,"L'Amour, Louis,",To the Far Blue Mountains,teamblack | chirandom
21351,1976,1976,1938,1976,m,us,10.50571762,0.999978024,1,1,"Niven, Larry,",A world out of time,teamblack | chiscifi
21355,1976,1976,1936,1976,f,us,11.53900373,0.083165841,1,1,"Piercy, Marge,",Woman on the edge of time,chiutopia | teamred | chiscifi
21412,1977,1977,1928,1977,m,us,12.81409114,0.664308094,1,1,"Dick, Philip K,",A scanner darkly,teamblack | chiscifi
21417,1977,1977,1947,1977,m,us,12.07238043,0.995409341,1,1,"Donaldson, Stephen R,",The power that preserves,teamblack | chiscifi | stew | chifantasy | chirandom
21423,1977,1977,1946,1977,m,us,12.24112973,0.99991583,1,1,"Foster, Alan Dean,",The end of the matter,teamred | chiscifi | chirandom
21443,1977,1977,1910,1977,m,us,14.91892295,0.980358323,1,1,"Leiber, Fritz,",Our lady of darkness,teamred | chifantasy | chiscifi
21453,1977,1977,0,1977,f,us,11.95874548,0.003625275,0,1,"Michaels, Fern,",Captive passions,teamblack | chirandom
21473,1977,1977,1937,1977,m,us,10.89590313,0.018302715,0,1,"Segal, Erich,",Oliver's story,teamred | chirandom
21488,1978,1978,1927,1978,m,us,12.60575818,0.008995596,0,1,"Adler, Warren,",The Casanova embrace,teamblack | chirandom
21494,1978,1978,1939,1978,m,us,12.74630292,0.004549379,0,1,"Bayer, William,",Tangier,teamblack | chirandom
21500,1978,1978,1932,1978,m,us,11.40712017,0.997400374,1,1,"Bova, Ben,",Colony,teamred | chiscifi | stew
21501,1978,1978,1945,1978,m,us,11.21261778,0.044382305,0,1,"Brown, Wesley,",Tragic magic,teamred | chirandom
21552,1978,1978,1946,1978,m,us,12.65273339,0.980581656,1,1,"Lustbader, Eric,",Shallows of night,teamred | chiscifi
21579,1978,1978,1943,1978,m,us,13.31067238,0.004453826,0,1,"Swift, Edward,",Splendora,teamred | chirandom
21603,1979,1979,1950,1979,f,us,10.69731675,0.025345473,0,1,"Braverman, Kate,",Lithium for Medea,teamblack | chirandom
21607,1979,1979,1935,1979,m,us,12.07736676,0.918235156,0,1,"Cline, C. Terry,",Cross current,teamblack | chirandom
21611,1979,1979,1923,1979,m,us,12.45718598,0.9990602,1,1,"Dickson, Gordon R,",Masters of Everon,teamblack | chiscifi | stew
21620,1979,1979,1926,1979,m,us,11.34497559,0.019292917,0,1,"Gordon, Noah,",The Jerusalem diamond,teamred | chirandom
21631,1979,1979,1947,1979,m,us,11.37418467,0.065586212,1,1,"King, Stephen,",The dead zone,teamblack | chiscifi | stew | chihorror
21670,1979,1979,0,1979,m,us,12.5237413,0.834234741,1,1,"Schulman, J. Neil 1953-",Alongside night,teamblack | chiscifi
21672,1979,1979,1944,1979,m,us,12.70513191,0.998679685,1,1,"Stasheff, Christopher,",A wizard in Bedlam,teamred | chifantasy | chiscifi
21685,1979,1979,1945,1979,m,us,13.08749626,0.999998705,1,1,"Zebrowski, George,",Macrolife,teamred | chiscifi | stew
21734,1980,1980,1927,1980,m,us,11.72656143,0.341772524,0,1,"Herzog, Arthur,",Aries rising,teamred | chirandom
21739,1980,1980,1932,1980,m,us,11.13289263,0.111656404,0,1,"Jakes, John,",The Americans,teamblack | chirandom
21749,1980,1980,1938,1980,m,us,12.01740936,0.416874406,1,1,"Kurland, Michael,",The last President,teamred | chiscifi
21851,1981,1981,1934,1981,m,us,12.25257381,0.391298862,0,1,"Jones, Robert F.",Slade's glacier,teamred | chirandom
21864,1981,1981,1931,1981,f,us,11.80718082,0.994154047,1,1,"May, Julian,",The many-colored land,teamred | chiscifi | stew
21866,1981,1981,1948,1981,f,us,12.11313574,0.998260236,1,1,"McIntyre, Vonda N,",The entropy effect,teamred | chiscifi
21876,1981,1981,1938,1981,m,us,11.29397002,0.95765082,1,1,"Niven, Larry,",Dream Park,teamblack | chiscifi
21877,1981,1981,1938,1981,m,us,11.09003023,0.928846934,1,1,"Niven, Larry,",Oath of fealty,teamred | chiscifi | stew
21905,1981,1981,1947,1981,m,us,11.66122134,0.999954045,1,1,"Vardeman, Robert E,",The Klingon gambit,teamred | chiscifi | stew | chirandom
21929,1982,1982,1945,1982,m,us,13.82506191,0.97288261,1,1,"Bishop, Michael,",No enemy but time,teamblack | chiscifi
21967,1982,1982,1911,1982,m,us,10.9003249,0.99646876,1,1,"Hubbard, L. Ron,",Battlefield earth,teamred | chiscifi | chirandom
21981,1982,1982,1938,1982,f,us,12.63753571,0.926240806,1,1,"Lorrah, Jean,",Channel's destiny,teamblack | chiscifi | stew
22054,1983,1983,1926,1983,m,us,12.19738943,0.102281519,0,1,"Coldsmith, Don,",Follow the wind,teamblack | chirandom
22073,1983,1983,1946,1983,m,us,12.07846156,0.999684677,1,1,"Foster, Alan Dean,",For love of mother-not,teamred | chiscifi | stew | chirandom
22097,1983,1983,1922,1983,f,us,12.18551899,0.021434912,0,1,"MacLeod, Charlotte,",Something the cat dragged,teamred | chimyst | stew | chirandom
22103,1983,1983,1931,1983,f,us,11.9494911,0.978704647,1,1,"May, Julian,",The nonborn king,teamblack | chiscifi
22107,1983,1983,1934,1983,f,us,11.7615201,0.000483682,0,1,"Meade, Marion,",Sybille,teamblack | chirandom
22133,1983,1983,1941,1983,f,us,13.19096183,0.002754382,0,1,"Spellman, Cathy Cash,",So many partings,teamred | chirandom
22168,1984,1984,1942,1984,f,us,11.49833039,0.914555356,1,1,"Cherryh, C. J,",Chanur's venture,teamred | chifantasy | chiscifi
22193,1984,1984,1948,1984,m,us,12.30054087,0.559788206,1,1,"Gibson, William",Neuromancer,teamred | pbgothic | chiscifi | stew
22305,1985,1985,1941,1985,m,us,11.98113002,0.967567336,1,1,"Benford, Gregory,",Artifact,teamblack | chiscifi
22325,1985,1985,1968,1985,m,us,12.22978302,0.014587228,0,1,"Collins, Max Allan,",A shroud for Aquarius,teamred | chimyst | chirandom
22332,1985,1985,1928,1985,m,us,11.69185599,0.002345366,0,1,"Dick, Philip K,",Puttering about in a smal,teamblack | chirandom
22340,1985,1985,1947,1985,m,us,12.2320985,0.96320828,1,1,"Effinger, George Alec,",The nick of time,teamblack | chiscifi | stew | chirandom
22488,1986,1986,1923,1986,m,us,12.71490102,0.999985216,1,1,"Dickson, Gordon R,",The forever man,teamred | chiscifi
22498,1986,1986,1946,1986,m,us,10.83358685,0.992548342,1,1,"Foster, Alan Dean,",Into the out of,teamred | chiscifi | stew | chihorror
22623,1987,1987,0,1987,f,us,13.36646672,0.990404404,1,1,"Bonanno, Margaret Wander,",Strangers from the sky,teamblack | chiscifi | stew
22676,1987,1987,1932,1987,m,us,12.38345696,0.00010604,0,1,"Flynn, Robert,",Wanderer Springs,teamred | chirandom
22678,1987,1987,1944,1987,m,us,11.21262161,0.000429723,0,1,"Friedman, Kinky,",A case of Lone Star,teamred | chimyst | chirandom
22685,1987,1987,0,1987,m,us,12.8196396,0.007604007,0,1,"Guild, Nicholas,",The Assyrian,teamblack | chirandom
22692,1987,1987,1953,1987,m,us,11.84637952,0.057714754,0,1,"Hiaasen, Carl,",Double whammy,teamred | chimyst | chirandom
22723,1987,1987,1933,1987,m,us,10.78888877,0.002278082,0,1,"Logue, John,",Boats against the current,teamblack | chirandom
22732,1987,1987,1926,1987,f,us,12.98146122,0.000116488,0,1,"McCaffrey, Anne,",The lady,teamred | chirandom
22783,1987,1987,1943,1987,f,us,11.51376216,0.00063973,0,1,"Spencer, LaVyrle,",The gamble,teamred | chirandom
22787,1987,1987,1943,1987,m,us,11.86220383,0.023636236,0,1,"Swift, Edward,",A place with promise,teamred | chirandom
22803,1987,1987,1953,1987,m,us,11.77390769,0.999802941,1,1,"Williams, Walter Jon,",Voice of the whirlwind,teamblack | chiscifi | chirandom
22878,1988,1988,1933,1988,f,us,16.91529703,0.813569118,1,1,"Engh, M. J,",Wheel of the winds,teamred | chiscifi
22894,1988,1988,1945,1988,m,us,11.68893225,0.011478181,0,1,"Grissom, Ken,",Drop-off,teamblack | chimyst | stew | chirandom
22960,1988,1988,1954,1988,m,us,12.31799306,0.440624703,1,1,"Rosenberg, Joel,",Not for glory,teamred | chifantasy | chiscifi
23059,1989,1989,1940,1989,m,us,11.36879598,0.400743277,1,1,"Cook, Robin,",Mutation,teamred | chiscifi | stew | chihorror
23075,1989,1989,0,1989,f,us,11.47266259,0.062656065,0,1,"Dunlap, Susan,",Pious deception,teamred | chimyst | stew | chirandom
23092,1989,1989,1937,1989,m,us,13.48892982,0.001730562,0,1,"Goldsborough, Robert,",The last coincidence,teamblack | chimyst | chirandom
23117,1989,1989,1950,1989,m,us,11.51444834,0.999354579,1,1,"Jeter, K. W,",Farewell horizontal,teamred | chiscifi
23139,1989,1989,1936,1989,m,us,12.035972,0.497891309,0,1,"McMurtry, Larry,",Some can whistle,teamblack | chirandom
23165,1989,1989,1952,1989,m,us,14.51769239,0.217081253,1,1,"Powers, Tim,",The stress of her regard,teamred | chifantasy | chiscifi
23191,1989,1989,1931,1989,m,us,11.8687671,0.993057107,1,1,"Shatner, William,",TekWar,teamred | chimyst | chiscifi
23231,1989,1989,1954,1989,m,us,11.65711846,0.999533029,1,1,"Weinstein, Howard,",Power hungry,teamblack | chiscifi | stew | chirandom
23267,1990,1990,1949,1990,f,us,12.01779252,0.977156115,1,1,"Bujold, Lois McMaster,",The vor game,chiscifi
23334,1990,1990,1936,1990,m,us,12.94905543,0.083901566,0,1,"Greenburg, Dan,",Exes,chirandom
23375,1990,1990,0,1990,,us,12.78617788,0.995425049,1,1,"McCaffrey, Anne,",Pegasus in flight,chiscifi
23474,1953,1953,1900,1953,f,uk,13.02858967,0.034342841,0,1,"Goudge, Elizabeth,",The heart of the family,teamred | chirandom
23487,1957,1957,1915,1957,m,uk,11.67962483,0.999962927,1,1,"Hoyle, Fred,",The black cloud,teamblack | chiscifi
23507,1962,1962,1894,1962,m,uk,13.36243151,0.930138528,1,1,"Huxley, Aldous,",Island,chiutopia | teamred | chiscifi
23514,1964,1964,1905,1964,m,uk,13.94826421,0.001373852,0,1,"Snow, C. P.",Corridors of power,teamblack | chirandom
23537,1970,1970,1912,1970,m,au,12.6994451,0.000338911,0,1,"White, Patrick,",The vivisector,teamred | chirandom
23601,1987,1987,1954,1987,f,uk,11.93373379,0.000421294,0,1,"Gregory, Philippa,",Wideacre,teamred | chirandom
23703,1991,1991,1916,1991,m,us,15.25218566,0.004364618,0,1,"Murray, Albert,",The spyglass tree,chirandom
23764,1992,1992,1951,1992,m,us,12.26101437,0.054953797,0,1,"Card, Orson Scott,",Lost boys,chirandom
23822,1992,1992,1926,1992,f,us,12.95500847,0.78530324,1,1,"McCaffrey, Anne,",Crystal line,chiscifi
23825,1992,1992,1952,1992,m,us,11.65465731,0.061607918,0,1,"McCammon, Robert R,",Boy's life,chirandom
23838,1992,1992,1938,1992,m,us,11.57835138,0.997878529,1,1,"Niven, Larry,",The California voodoo game,chimyst | chiscifi
23867,1992,1992,1947,1992,m,us,11.98857236,0.947870925,1,1,"Varley, John,",Steel beach,chiscifi
24001,1994,1994,1941,1994,m,us,11.31278772,0.999313463,1,1,"Benford, Gregory,",Furious gulf,chiscifi
24091,1994,1994,1963,1994,f,us,10.34788141,1.63E-05,0,1,"Patchett, Ann,",Taft,chirandom
24094,1994,1994,1953,1994,f,us,12.79580905,0.00206383,0,1,"Pelletier, Cathie,",A marriage made at Woodstock,chirandom
24491,1997,1997,1952,1997,f,us,13.8683282,0.114738884,0,1,"Gabaldon, Diana,",Drums of autumn,chifantasy | chirandom
24593,1997,1997,1932,1997,m,us,15.77561535,0.214554103,1,1,"Updike, John,",Toward the end of time,chiscifi
24651,1998,1998,1969,1998,f,us,12.45950172,0.0024318,0,1,"Danticat, Edwidge,",The farming of bones,chirandom
24690,1998,1998,1960,1998,f,us,11.78437544,0.254766191,1,1,"Hopkinson, Nalo,",Brown girl in the ring,chiscifi | chirandom
24800,1998,1998,1951,1998,m,us,12.69698063,0.998587691,1,1,"Zahn, Timothy,",Vision of the future,chiscifi
24816,1999,1999,1948,1999,f,us,11.41663679,0.001688251,0,1,"Berg, Elizabeth,",Until the real thing comes along,chirandom
25357,1992,1992,1945,1992,f,us,12.25305444,0.027238263,0,1,"Willis, Connie,",Doomsday book,chirandom
25362,1993,1993,1920,1993,m,us,12.44604947,0.993824601,1,1,"Asimov, Isaac,",Forward the foundation,chiscifi
25429,1993,1993,1964,1993,m,us,9.951087462,0.00122844,0,1,"Watkins, Paul,",The promise of light,chirandom
25445,1994,1994,0,1994,m,us,11.83175184,0.046675829,0,1,"Block, Lawrence,",A long line of dead men,chirandom
25470,1994,1994,0,1994,f,us,13.37542483,0.000756154,0,1,"Edgarian, Carol,",Rise the Euphrates,chirandom
25519,1994,1994,1935,1994,m,us,12.68700919,0.943475651,1,1,"Silverberg, Robert,",Hot sky at midnight,chiscifi
25530,1994,1994,1957,1994,m,us,13.40943803,0.976254594,1,1,"Wolverton, Dave,",The courtship of Princess Leia,chiscifi
25535,1995,1995,1962,1995,m,us,12.79792267,0.999942374,1,1,"Anderson, Kevin J.",Darksaber,chiscifi
25578,1995,1995,1951,1995,f,us,14.20408523,0.999673654,1,1,"Hambly, Barbara,",Children of the Jedi,chiscifi | chirandom
25606,1995,1995,1942,1995,f,us,22.28671922,0.155793934,0,1,"Reich, Tova,",The Jewish war,chirandom
25620,1995,1995,0,1995,f,us,12.34672521,8.66E-05,0,1,"Shigekuni, Julie,",A bridge between us,chirandom
25645,1996,1996,1944,1996,m,us,10.97224661,0.000291101,0,1,"Brown, Rita Mae,",Riding shotgun,chirandom
25987,1999,1999,1942,1999,m,us,12.20737812,0.992965065,1,1,"Crichton, Michael,",Timeline,chiscifi
26019,1999,1999,1950,1999,m,us,11.70837362,0.958326,0,1,"Harlow, Bill,",Circle William,chirandom
coo.31924013525971,1908,1908,1855,1908,m,uk,13.38118435,0.000583682,0,1,"Moore, Frank Frankfort,",An amateur adventuress,teamred | random
coo.31924051019580,1912,1912,1859,1912,m,uk,13.64482093,0.981778545,1,1,"Doyle, Arthur Conan,",The lost world,teamred | anatscifi | stew
Derleth1948,1948,1948,1909,1948,m,us,13.04004902,0.586192701,1,1,"Derleth, August,",Two stories by Derleth,teamred | pbgothic | chiscifi
dul1.ark+=13960=t16m3xm4f,1922,1922,1872,1922,f,uk,13.70371334,0.949230495,1,1,"Hamilton, Cicely,",Theodore savage,femscifi | teamred | anatscifi
dul1.ark+=13960=t1qf9cr59,1906,1906,1851,1906,m,uk,15.05113135,0.782791732,1,1,"Ford, Douglas Morey.",A time of terror,teamblack | locscifi | stew
dul1.ark+=13960=t3dz0xh78,1880,1880,1836,1880,m,uk,19.46184022,0.999916776,1,1,"Greg, Percy,",Across the zodiac,teamblack | locscifi | anatscifi
dul1.ark+=13960=t3zs3df24,1888,1888,1833,1888,m,us,14.82110655,0.999956059,1,1,"De Mille, James,",A strange manuscript foun,teamblack | locscifi | anatscifi
dul1.ark+=13960=t41r7h934,1826,1833,1797,1826,f,uk,20.02792413,0.783649843,1,1,"Shelley, Mary Wollstonecr",The last man,teamblack | femscifi | stew
dul1.ark+=13960=t66401k8k,1888,1888,1850,1888,m,us,16.94967106,0.999787043,1,1,"Bellamy, Edward,","Looking backward, 2000-18",locscifi | teamred | anatscifi | stew
dul1.ark+=13960=t80k32x0x,1899,1899,1866,1899,m,uk,12.87703279,0.999961033,1,1,"Wells, H. G.",When the sleeper wakes,locscifi | teamred
dul1.ark+=13960=t95723c7j,1872,1897,1842,1872,m,fr,16.43629948,0.999999827,1,1,"Flammarion, Camille,",Lumen,teamblack | anatscifi | stew
dul1.ark+=13960=t98637h6g,1895,1895,1866,1895,m,uk,13.7275126,0.999970909,1,1,"Wells, H. G.",The time machine;,locscifi | teamred | anatscifi | stew
EllisSteamManPrairies1868,1868,1880,1840,1868,m,us,16.33148567,0.998965479,1,1,"Ellis, Edward S.",The Steam Man of the Prairies,teamblack | anatscifi | stew
hvd.32044014279723,1827,1828,1807,1827,f,uk,21.55673452,0.95566628,1,1,"Loudon, Jane",The mummy!,femscifi | teamred | stew
inu.30000042750632,1901,1901,1865,1901,f,au,15.45039586,0.730384487,1,1,"Ling, M. A. Moore Bentley",A woman of Mars,femscifi | teamred
inu.30000118528748,1913,1913,0,1913,m,uk,15.86537745,0.12822551,0,1,"Knight, Arthur Lee.",Told in the Indian twilig,teamred | random
LindsayVoyageToArcturus1920,1920,1920,1876,1920,m,uk,12.93671613,0.999699882,1,1,"Lindsay, David,",Voyage To Arcturus,anatscifi | teamred | chifantasy | stew
mdp.39015000541717,1885,1885,1839,1885,m,uk,25.45931544,0.991205357,0,1,"Pater, Walter,",Marius the Epicurean,teamred | random
mdp.39015001553547,1912,1915,1876,1912,m,us,13.68161452,0.981770242,1,1,"London, Jack,",The scarlet plague,teamblack | anatscifi | stew
mdp.39015004200997,1818,1891,1797,1818,f,uk,17.41334241,0.151365204,1,1,"Shelley, Mary Wollstonecr",Frankenstein,femscifi | teamred | stew | stangothic
mdp.39015004307362,1870,1873,1828,1870,m,fr,14.70608207,0.9993134,1,1,"Verne, Jules,",Twenty thousand leagues u,teamred | anatscifi
mdp.39015007007282,1889,1889,1834,1889,m,us,16.56019035,0.999986762,1,1,"Stockton, Frank Richard,",The great war syndicate,teamred | anatscifi
mdp.39015010330341,1877,1877,1822,1877,f,uk,19.07064931,0.999973266,1,1,"Cobbe, Frances Power,",The age of science,femscifi | teamred | stew
mdp.39015030365178,1903,1904,1842,1903,m,fr,17.00834181,0.218159105,0,1,"Lafargue, Paul,",The sale of an appetite,teamblack | random
mdp.39015031235545,1920,1920,1861,1920,m,uk,13.42781349,0.000504831,0,1,"Hewlett, Maurice,",The light heart,teamred | random
mdp.39015031332862,1913,1913,1873,1913,m,uk,13.66884371,0.840477717,1,1,"Beresford, J. D.",Goslings,teamred | anatscifi
mdp.39015051156498,1826,1826,1798,1826,m,uk,24.05254058,0.269611119,0,1,"Banim, John,",Tales,teamred | random
mdp.39015059642994,1886,1903,1850,1886,m,uk,15.7028332,0.673483044,1,1,"Stevenson, Robert Louis,",Strange case of Dr. Jekyl,anatscifi | teamred | pbgothic | stew
mdp.39015062658789,1881,1881,1844,1881,f,us,18.03391249,0.00044063,0,1,"Sidney, Margaret,",Five little Peppers and h,teamblack | random
mdp.39015063556271,1818,1818,1769,1818,f,uk,16.5271405,9.85E-05,0,1,"Opie, Amelia Alderson,",New tales,teamred | random
mdp.39015063941135,1907,1907,1850,1907,f,us,15.95663786,0.418888104,0,1,"Murfree, Mary Noailles,",The windfall;,teamred | random
mdp.39015063949229,1894,1894,1862,1894,m,uk,13.06288415,0.003339121,0,1,"Scott, Hugh Stowell,",With edged tools;,teamblack | random
mdp.39015066036578,1889,1896,1835,1889,m,us,15.51865078,0.117805456,1,1,"Twain, Mark,",A Connecticut Yankee in K,teamblack | anatscifi | stew
mdp.39015078569723,1880,1880,1836,1880,m,uk,16.8030693,0.194069589,1,1,"Greg, Percy,",Across the zodiac,teamred | anatscifi
njp.32101013621246,1887,1906,1841,1887,m,uk,21.26786965,0.854908532,1,1,"Hudson, W. H.",A crystal age,teamred | anatscifi
njp.32101021206436,1901,1901,1866,1901,m,uk,12.60904581,0.999993352,1,1,"Wells, H. G.",The first men in the moon,teamblack | locscifi | anatscifi
njp.32101063580995,1903,1903,1866,1903,m,us,16.55414279,0.010911851,0,1,"Isham, Frederic Stewart,",Under the rose,teamred | random
njp.32101067641678,1878,1878,1812,1878,m,ge,13.88168319,0.000328368,0,1,"Auerbach, Berthold,",Landolin,teamred | random
njp.32101067645505,1836,1836,1772,1836,f,us,18.17988039,0.000528162,1,1,"Griffith, Mary,","Camperdown, or, News from",teamblack | locscifi
njp.32101068138443,1892,1892,1851,1892,m,us,15.84828327,0.999888569,1,1,"Bradshaw, William R.",The goddess of Atvatabar,teamblack | locscifi
njp.32101068580768,1868,1868,1832,1868,f,us,18.83985704,0.000293602,0,1,"Alcott, Louisa May,",Kitty's class day ;,teamblack | random
nnc1.cu01664417,1900,1917,1869,1900,m,us,14.38580553,0.002558351,0,1,"Tarkington, Booth,",Monsieur Beaucaire,teamblack | random
nyp.33433039680552,1890,1890,1831,1890,m,us,15.88657155,0.99985919,1,1,"Donnelly, Ignatius,",C?sar's column,teamred | anatscifi
nyp.33433074818778,1880,1880,1844,1880,m,us,18.77528526,0.998566593,1,1,"Cowan, Frank,",Revi-Lona,teamblack | locscifi
nyp.33433074850870,1904,1904,1870,1904,m,uk,13.66064543,0.968627291,1,1,"Harris-Burland, J. B.",The Princess Thora,locscifi | teamred
nyp.33433074850961,1905,1905,0,1905,m,us,17.57877819,0.016762108,1,1,"Harper, Vincent.",The mortgage on the brain,teamblack | anatscifi | stew
nyp.33433074857248,1905,1909,1879,1905,m,uk,13.19706905,0.00440223,0,1,"Gibbon, Perceval,",Salvator,teamblack | random
nyp.33433074864889,1888,1888,1836,1888,m,uk,15.77742384,0.028755249,0,1,"Goodman, E. J.",Too curious,supernatural | teamred | random
nyp.33433074866413,1898,1908,1865,1898,m,uk,14.28160336,0.067173344,0,1,"Kipling, Rudyard,",The day's work,teamred | random
nyp.33433074870282,1907,1907,1861,1907,m,uk,14.56942294,0.001736449,0,1,"Hewlett, Maurice,",The stooping lady,teamred | random
nyp.33433074878889,1837,1837,1797,1837,m,uk,19.5381128,0.000437579,0,1,"Lover, Samuel,",Rory O'More,teamblack | random
nyp.33433074880075,1871,1871,1837,1871,f,uk,17.755306,0.000174385,0,1,"Marryat, Florence,",Her lord and master,teamblack | random
nyp.33433074897426,1896,1913,1864,1896,m,uk,15.67174181,0.001283709,0,1,"Merrick, Leonard,",This stage of fools,teamred | random
nyp.33433074926712,1920,1920,1867,1920,m,uk,15.07488882,0.000456624,0,1,"Benson, E. F.","""Queen Lucia""",teamred | random
nyp.33433074939723,1888,1888,1836,1888,m,uk,14.75763936,0.984061155,1,1,"Besant, Walter,",The inner house,teamblack | anatscifi | stew
nyp.33433074954656,1902,1902,0,1902,m,us,15.96850874,0.530626945,1,1,"Owen, Harle Oren.",Welsh rarebit tales,locscifi | teamred
nyp.33433074955331,1777,1777,0,1777,f,uk,19.15301633,0.000620251,0,1,Henrietta.,Letters from Henrietta to,teamblack | random
nyp.33433075727168,1893,1893,1866,1893,m,uk,14.04966199,0.986977715,1,1,"Fawcett, E. Douglas",Hartmann the anarchist,teamblack | anatscifi
nyp.33433075737753,1890,1891,1848,1890,m,ah,14.12496826,0.001740142,0,1,"Franzos, Karl Emil,",Judith Trachtenberg,teamred | random
nyp.33433075746812,1920,1920,1892,1920,m,uk,13.87440656,0.837258423,1,1,"Shanks, Edward,",The people of the ruins,teamblack | anatscifi | stew
nyp.33433075746895,1909,1911,1851,1909,m,us,15.9434189,0.999995485,1,1,"Serviss, Garrett Putman,",A Columbus of space,teamblack | locscifi | anatscifi
nyp.33433075761720,1888,1888,1838,1888,m,uk,13.16525575,0.001452061,0,1,"Farjeon, B. L.",Miser Farebrother,teamblack | random
nyp.33433075766463,1908,1908,1867,1908,f,uk,15.67268588,0.000218642,0,1,"Perrin, Alice,",The stronger claim,teamred | random
nyp.33433075768253,1826,1826,1785,1826,m,uk,27.57831628,0.941863985,0,1,"Wilkins, George,",The convert,teamblack | random
nyp.33433075818611,1876,1878,1842,1876,f,fr,15.91589514,0.003732432,0,1,"Gr?ville, Henry,",Marrying off a daughter,teamred | random
nyp.33433075827018,1893,1894,1842,1893,m,fr,19.83632119,0.999999996,1,1,"Flammarion, Camille,",Omega: the last days of t,teamblack | anatscifi
nyp.33433075843544,1892,1892,1833,1892,m,fr,16.58579126,9.00E-06,0,1,"Theuriet, Andr?,",A young man of the period,teamred | random
nyp.33433076024060,1900,1900,1858,1900,m,us,15.72493897,0.999628859,1,1,"Osborne, Duffield,",The secret of the crater,locscifi | teamred | stew
nyp.33433076056781,1891,1891,0,1891,m,,12.48896384,0.889287392,1,1,"Ward, Herbert Dickinson,",A republic without a pres,teamblack | locscifi | stew
nyp.33433076060874,1865,1865,1801,1865,m,us,17.62134938,0.013335673,0,1,"Murdoch, David.",The Royalist's daughter a,teamred | random
nyp.33433079897819,1892,1892,1842,1892,m,us,14.56640132,0.061542766,0,1,"Bierce, Ambrose,",The monk and the hangman',teamblack | random
nyp.33433081958500,1771,1802,1740,1771,m,fr,17.31879699,0.980802653,1,1,"Mercier, Louis-S?bastien,",Memoirs of the year two t,teamblack | anatscifi
nyp.33433082173273,1894,1894,1864,1894,m,us,17.7699177,0.963360473,1,1,"Astor, John Jacob,",A journey in other worlds,teamblack | anatscifi | stew
uc1.31822033251729,1922,1922,1883,1922,m,au,16.07876655,0.000532054,0,1,"Forrest, Michael D",Father Justin,teamred | random
uc1.32106001959946,1904,1904,1866,1904,m,uk,13.07700789,0.996390278,1,1,"Wells, H. G.",The food of the gods and ,teamblack | locscifi | anatscifi
uc1.b117774,1886,1887,1828,1886,m,fr,13.96012185,0.992840114,1,1,"Verne, Jules,",The clipper of the clouds,locscifi | teamred | anatscifi
uc1.b244810,1898,1898,1865,1898,m,uk,16.55014,0.894544018,1,1,"Shiel, M. P.",The yellow danger,teamblack | anatscifi
uc1.b249543,1898,1898,1831,1898,f,uk,14.63856082,0.000218253,0,1,"Barr, Amelia Edith Huddle",The lost silver of Briffa,teamblack | random
uc1.b3290572,1827,1827,1765,1827,m,uk,21.62809056,0.082969339,0,1,"Ward, R. Plumer",De Vere,teamblack | random
uc1.b3324205,1906,1913,1867,1906,m,uk,12.69082954,0.043011746,0,1,"Cullum, Ridgwell,",The night-riders;,teamblack | random
uc1.b3578701,1880,1880,1836,1880,m,uk,17.66598768,0.865342706,1,1,"Greg, Percy,",Across the zodiac,teamblack | locscifi | anatscifi
uc1.b3578887,1897,1897,1859,1897,f,us,15.13233743,0.856590843,1,1,"Wait, Frona Eunice,",Yermah the Dorado,femscifi | teamred
uc2.ark+=13960=t0js9hc64,1887,1887,1883,1887,f,us,14.88224934,0.000440944,0,1,"Clarke, Rebecca Sophia,",Drones' honey,teamblack | random
uc2.ark+=13960=t0xp6w75n,1912,1912,1878,1912,m,us,24.7756639,0.378165302,0,1,"Rose, William Ganson,",Putting Marshville on the,teamblack | random
uc2.ark+=13960=t10p0xs0f,1908,1908,1883,1908,m,us,15.21097144,0.006358008,1,1,"Harding, Ellison.",The woman who vowed,teamblack | locscifi
uc2.ark+=13960=t17m0b23x,1895,1895,0,1895,m,,13.14672401,0.005263336,1,1,"Besant, Walter,",Beyond the dreams of avar,locscifi | teamred | stew
uc2.ark+=13960=t1dj5cf2j,1886,1920,1853,1886,m,fr,14.89610902,0.033309966,0,1,"Lema?tre, Jules,",Serenus and other stories,teamred | random
uc2.ark+=13960=t2794143s,1912,1917,1875,1912,m,us,16.43514102,0.999902323,1,1,"Burroughs, Edgar Rice,",A princess of Mars,teamred | anatscifi
uc2.ark+=13960=t3pv6dr2h,1911,1911,1880,1911,m,us,13.385749,0.074928413,0,1,"Pearson, Edmund Lester,",The librarian at play,teamblack | random
uc2.ark+=13960=t3xs5jt7k,1911,1911,1859,1911,m,us,14.58682532,0.199010545,0,1,"Lummis, Charles Fletcher,",The gold fish of Gran Chi,teamred | random
uc2.ark+=13960=t45q4sn3p,1893,1894,1857,1893,m,uk,16.87078647,0.987049411,1,1,"Griffith, George Chetwynd",The angel of the revoluti,teamblack | anatscifi
uc2.ark+=13960=t48p64044,1894,1894,1832,1894,m,uk,15.54316551,0.015498671,0,1,"Henty, G. A.",When London burned,teamblack | random
uc2.ark+=13960=t4bn9zk9h,1887,1888,1847,1887,m,us,13.12367836,0.036663149,0,1,"Fawcett, Edgar,",Olivia Delaplaine,teamred | random
uc2.ark+=13960=t5db7zr5v,1879,1879,1839,1879,m,us,14.6422018,0.011790305,0,1,"Adams, Robert Chamblet,","On board the ""Rocket""",teamblack | random
uc2.ark+=13960=t6251m863,1871,1871,1838,1871,m,uk,14.18374705,0.00187905,0,1,"Farjeon, B. L.",Joshua Marvel,teamblack | random
uc2.ark+=13960=t7tm74c51,1904,1904,1870,1904,m,us,15.85861563,0.24968793,0,1,"Orcutt, William Dana,",Robert Cavelier,teamred | random
uc2.ark+=13960=t9668pw05,1894,1894,1833,1894,m,fr,14.80398279,4.77E-05,0,1,"Theuriet, Andr?,",The Abb? Daniel,teamblack | random
uc2.ark+=13960=t9s17v81t,1909,1909,1852,1909,m,us,14.60629541,0.000325173,0,1,"Egan, Maurice Francis,",The wiles of Sexton Magin,teamblack | random
uiuo.ark+=13960=t0ft97228,1876,1876,1830,1876,m,uk,15.01046194,0.000731655,0,1,"Robinson, Frederick Willi",As long as she lived,teamred | random
uiuo.ark+=13960=t1qf99m3q,1875,1875,1831,1875,m,uk,15.05477032,0.119305402,0,1,"Mason, Charles Welsh.","The rape of the gamp; or,",teamblack | random
uiuo.ark+=13960=t48p6974b,1868,1868,1813,1868,m,uk,16.0872516,0.309385978,0,1,"Capes, J. M.",The mosaic-worker's daugh,teamblack | random
uiuo.ark+=13960=t7cr65585,1886,1886,1855,1886,f,uk,15.84721802,0.998836214,1,1,"Corelli, Marie,",A romance of two worlds,locscifi | femscifi | teamred
uiuo.ark+=13960=t8x92v101,1826,1826,0,1826,f,uk,20.64320608,0.792645331,1,1,"Shelley, Mary Wollstonecr",The last man,femscifi | teamred
uiuo.ark+=13960=t9474zg09,1883,1883,1829,1883,m,uk,19.40058606,0.000431807,0,1,"Oliphant, Laurence,",Altiora Peto,teamred | random
uva.x000380956,1865,1874,1828,1865,m,fr,15.97583394,0.999447691,1,1,"Verne, Jules,",From the Earth to the Moo,teamred | anatscifi | stew
uva.x000459624,1897,1897,1840,1897,m,uk,14.79369586,0.013379179,0,1,"Hardy, Thomas,",The well-beloved;,teamblack | random
uva.x000674483,1888,1888,1851,1888,f,uk,15.03726633,0.00809807,0,1,"Ward, Humphry,",Robert Elsmere,teamblack | random
uva.x000676502,1899,1899,1846,1899,m,us,11.55711277,0.008129997,0,1,"Thornton, Marcellus Eugen","My ""budie"" and I",teamred | random
uva.x030223689,1871,1871,1803,1871,m,uk,19.6843166,0.999989501,1,1,"Lytton, Edward Bulwer Lyt",The coming race,teamblack | anatscifi
uva.x030743237,1880,1880,1838,1880,m,us,15.87853297,0.008044718,0,1,"Scudder, Horace Elisha,",Doings of the Bodley fami,teamblack | random
